<?xml version="1.0" encoding="UTF-8"?>
<project-private xmlns="http://www.netbeans.org/ns/project-private/1">
    <editor-bookmarks xmlns="http://www.netbeans.org/ns/editor-bookmarks/2" lastBookmarkId="0"/>
    <open-files xmlns="http://www.netbeans.org/ns/projectui-open-files/2">
        <group>
            <file>file:/C:/Users/user/Documents/NetBeansProjects/classwork30.09/src/from/Ddconnaction.java</file>
            <file>file:/C:/Users/user/Documents/NetBeansProjects/classwork30.09/src/classwork30/pkg09/Classwork3009.java</file>
            <file>file:/C:/Users/user/Documents/NetBeansProjects/classwork30.09/src/from/Work30_9.java</file>
        </group>
    </open-files>
</project-private>
