<?xml version="1.0" encoding="UTF-8"?>
<project-private xmlns="http://www.netbeans.org/ns/project-private/1">
    <editor-bookmarks xmlns="http://www.netbeans.org/ns/editor-bookmarks/2" lastBookmarkId="0"/>
    <open-files xmlns="http://www.netbeans.org/ns/projectui-open-files/2">
        <group>
            <file>file:/C:/Users/user/Documents/NetBeansProjects/HospitalManagement/src/hospitalmanj_fform/DataBasseconnaction.java</file>
            <file>file:/C:/Users/user/Documents/NetBeansProjects/HospitalManagement/src/hospitalmanj_fform/DoctorInformation.java</file>
            <file>file:/C:/Users/user/Documents/NetBeansProjects/HospitalManagement/src/hospitalmanj_fform/FromtPage.java</file>
            <file>file:/C:/Users/user/Documents/NetBeansProjects/HospitalManagement/src/hospitalmanj_fform/loginFrom.java</file>
            <file>file:/C:/Users/user/Documents/NetBeansProjects/HospitalManagement/src/hospitalmanj_fform/PasantFrom.java</file>
            <file>file:/C:/Users/user/Documents/NetBeansProjects/HospitalManagement/src/hospitalmanj_fform/Billing.java</file>
        </group>
    </open-files>
</project-private>
